"year","inflation_rate"
2175,2.70582481385413
2176,2.30881387032481
2177,2.36129956256452
2178,2.46826024051088
2179,2.53697612836668
2180,2.59953239166368
2181,2.62419301157227
2182,2.62702741947662
2183,2.62315939144043
2184,2.62260470226733
